{
  "success": true,
  "code": 0,
  "result": {
    "uuid": "c8c2c558fac9410d08cd9c984c6e32bd",
    "title": "17-21SUYC/TR8",
    "description": "0805",
    "docType": 2,
    "type": 3,
    "thumb": "//image.easyeda.com/components/c8c2c558fac9410d08cd9c984c6e32bd.png",
    "szlcsc": {
      "id": 2669,
      "number": "C2296",
      "step": 20,
      "min": 20,
      "price": 0.067549,
      "stock": 0,
      "url": "http://www.szlcsc.com/product/details_2669.html",
      "image": "//image.lceda.cn/szlcsc/C2296.jpg"
    },
    "lcsc": {
      "id": 2669,
      "number": "C2296",
      "step": 20,
      "min": 20,
      "price": 0.0112,
      "stock": 265900,
      "url": "https://lcsc.com/product-detail/Light-Emitting-Diodes-LED_Yellow-light-0805-Highlighted_C2296.html"
    },
    "owner": {
      "uuid": "0819f05c4eef4c71ace90d822a990e87",
      "username": "LCSC",
      "nickname": "LCSC",
      "avatar": "//image.lceda.cn/avatars/2018/6/kFlrasi7W06gTdBLAqW3fkrqbDhbowynuSzkjqso.png"
    },
    "tags": [
      "Light Emitting Diodes (LED)"
    ],
    "updateTime": 1700205052,
    "updated_at": "2026-01-31 12:59:05",
    "dataStr": {
      "head": {
        "docType": "2",
        "editorVersion": "6.5.23",
        "c_para": {
          "pre": "LED?",
          "name": "17-21SUYC/TR8",
          "package": "LED0805-R-RD",
          "Supplier": "LCSC",
          "Manufacturer": "KENTO",
          "Manufacturer Part": "KT-0805黄灯",
          "Supplier Part": "C2296",
          "JLCPCB Part Class": "Basic Part"
        },
        "x": 0,
        "y": -5,
        "puuid": "82605a93a0be4c79a27d82f67f2aca29",
        "uuid": "c8c2c558fac9410d08cd9c984c6e32bd",
        "utime": 1676468584,
        "importFlag": 0,
        "c_spiceCmd": null,
        "hasIdFlag": true
      },
      "canvas": "CA~1000~1000~#FFFFFF~yes~#CCCCCC~5~1000~1000~line~5~pixel~5~0~-5",
      "shape": [
        "PT~M -15 -18 L -11 -16 L -13 -14 Z~#880000~1~0~#880000~gge26~0~",
        "PT~M -11 -22 L -7 -20 L -9 -18 Z~#880000~1~0~#880000~gge27~0~",
        "P~show~0~2~-20~-5~180~gge28~0^^-20~-5^^M -20 -5 h 15~#800^^0~-1~-5~0~-~start~~~#800^^0~-9~-9~0~2~end~~~#800^^0~-8~-5^^0~M -5 -2 L -2 -5 L -5 -8",
        "PL~-8 -11 -15 -18~#880000~1~0~none~gge35~0",
        "PL~-4 -15 -11 -22~#880000~1~0~none~gge36~0",
        "P~show~0~1~20~-5~0~gge37~0^^20~-5^^M 20 -5 h -15~#800^^0~1~-5~0~+~end~~~#800^^0~9~-9~0~1~start~~~#800^^0~8~-5^^0~M 5 -8 L 2 -5 L 5 -2",
        "PL~-5 -13 -5 3~#880000~1~0~none~gge44~0",
        "PT~M 5 1 L -5 -5 L 5 -12 Z~#880000~1~0~#880000~gge45~0~"
      ],
      "BBox": {
        "x": -21,
        "y": -22,
        "width": 42,
        "height": 25
      },
      "colors": []
    },
    "verify": true,
    "SMT": true,
    "datastrid": "79b52fdbafd74a6895e8f5db61702f17",
    "jlcOnSale": 1,
    "writable": false,
    "isFavorite": false,
    "packageDetail": {
      "uuid": "82605a93a0be4c79a27d82f67f2aca29",
      "title": "LED0805-R-RD",
      "docType": 4,
      "updateTime": 1715310908,
      "owner": {
        "uuid": "0819f05c4eef4c71ace90d822a990e87",
        "username": "lcsc",
        "nickname": "LCSC",
        "avatar": "//image.lceda.cn/avatars/2018/6/kFlrasi7W06gTdBLAqW3fkrqbDhbowynuSzkjqso.png"
      },
      "datastrid": "4725de4b00fa49ddafaf4d343fb83c18",
      "writable": false,
      "dataStr": {
        "head": {
          "docType": "4",
          "editorVersion": "6.5.42",
          "x": 399.935,
          "y": 299.995,
          "c_para": {
            "package": "LED0805-R-RD",
            "pre": "LED?",
            "sourceId": "Bf9rlewO6",
            "timeStamp": "1472716961",
            "Contributor": "lcsc",
            "link": "https://item.szlcsc.com/88042.html",
            "3DModel": "LED0805-RD"
          },
          "importFlag": 0,
          "transformList": "",
          "uuid": "82605a93a0be4c79a27d82f67f2aca29",
          "utime": 1715310907,
          "hasIdFlag": true,
          "newgId": true,
          "uuid_3d": "644978118ad94154b9a48e3ea0b45297"
        },
        "canvas": "CA~1000~1000~black~yes~#ffffff~10~1000~1000~line~0.3937~mm~1~45~visible~0.5~399.935~299.995~0~yes",
        "shape": [
          "CIRCLE~403.872~297.534~0.118~0.2362~101~gge122~0~~",
          "SOLIDREGION~100~~M 403.872 302.4556 L 402.2972 302.4556 L 402.2972 297.5344 L 403.872 297.5344 Z ~solid~gge106~~~~0",
          "SOLIDREGION~100~~M 397.5728 302.4556 L 395.998 302.4556 L 395.998 297.5344 L 397.5728 297.5344 Z ~solid~gge107~~~~0",
          "SOLIDREGION~99~~M 395.998 302.4557 L 395.998 297.5344 L 403.872 297.5344 L 403.872 302.4557 Z~solid~gge103~~~~0",
          "TRACK~1~3~~400.7224 298.0265 399.1476 299.6013 398.7539 299.995 399.1476 300.3897 400.7224 301.9645~gge135~0",
          "TRACK~1~3~~400.7224 298.0265 400.7224 301.9645~gge24~0",
          "TRACK~1~3~~401.68 304 407.78 304 407.78 296 401.68 296~gge5~0",
          "TRACK~1~3~~398.58 304.1 392.78 304.1 391.18 302.5 391.18 297.5 392.68 296 398.68 296~gge15~0",
          "PAD~RECT~395.8~299.995~3.937~5.51~1~~2~0~393.8315 302.75 397.7685 302.75 397.7685 297.24 393.8315 297.24~180~gge2~0~~Y~0~0~0.2~395.8,299.995",
          "PAD~RECT~404.07~299.995~3.937~5.51~1~~1~0~406.0385 302.75 402.1015 302.75 402.1015 297.24 406.0385 297.24~180~gge3~0~~Y~0~0~0.2~404.07,299.995",
          "SOLIDREGION~12~~M 403.6397 302.1837 L 403.6397 297.853 L 404.4271 297.853 L 404.4271 302.1837 Z ~solid~gge113~~~~0",
          "SOLIDREGION~12~~M 401.8813 299.7604 L 406.212 299.7604 L 406.212 300.5478 L 401.8813 300.5478 Z~solid~gge115~~~~0",
          "SOLIDREGION~12~~M 397.9887 300.4253 L 393.658 300.4253 L 393.658 299.6379 L 397.9887 299.6379 Z~solid~gge117~~~~0",
          "SVGNODE~{\"gId\":\"g1_outline\",\"nodeName\":\"g\",\"nodeType\":1,\"layerid\":\"19\",\"attrs\":{\"c_width\":\"7.9527\",\"c_height\":\"4.92125\",\"c_rotation\":\"0,0,0\",\"z\":\"0\",\"c_origin\":\"399.935,299.995\",\"uuid\":\"695f4abe86624a1eb9bf94cea2804287\",\"c_etype\":\"outline3D\",\"id\":\"g1_outline\",\"title\":\"LED0805-RD\",\"layerid\":\"19\",\"transform\":\"scale(1) translate(0, 0)\"},\"childNodes\":[{\"gId\":\"g1_outline_line0\",\"nodeName\":\"polyline\",\"nodeType\":1,\"attrs\":{\"fill\":\"none\",\"id\":\"g1_outline_line0\",\"c_shapetype\":\"line\",\"points\":\"395.9586 297.5344 395.9586 302.4556 395.998 302.4556 396.7854 302.4556 397.1791 302.4556 397.4153 302.4556 397.4941 302.4556 397.5728 302.4556 399.7775 302.4556 402.2972 302.4556 402.3759 302.4556 402.4547 302.4556 402.6909 302.4556 403.0846 302.4556 403.872 302.4556 403.9114 302.4556 403.9114 297.5344 403.872 297.5344 403.0846 297.5344 402.6909 297.5344 402.2972 297.5344 399.7775 297.5344 397.5728 297.5344 397.1791 297.5344 396.7854 297.5344 395.998 297.5344 395.9586 297.5344 395.9586 297.5344\"}}]}"
        ],
        "layers": [
          "1~TopLayer~#FF0000~true~false~true~",
          "2~BottomLayer~#0000FF~true~false~true~",
          "3~TopSilkLayer~#FFCC00~true~false~true~",
          "4~BottomSilkLayer~#66CC33~true~false~true~",
          "5~TopPasteMaskLayer~#808080~true~false~true~",
          "6~BottomPasteMaskLayer~#800000~true~false~true~",
          "7~TopSolderMaskLayer~#800080~true~false~true~0.3",
          "8~BottomSolderMaskLayer~#AA00FF~true~false~true~0.3",
          "9~Ratlines~#6464FF~true~false~true~",
          "10~BoardOutLine~#FF00FF~true~false~true~",
          "11~Multi-Layer~#FFFFFF~true~false~true~0.5",
          "12~Document~#FFFFFF~true~true~true~",
          "13~TopAssembly~#33CC99~true~false~true~",
          "14~BottomAssembly~#5555FF~true~false~true~",
          "15~Mechanical~#F022F0~true~false~true~",
          "19~3DModel~#66CCFF~true~false~true~",
          "21~Inner1~#800000~false~false~false~~",
          "22~Inner2~#008000~false~false~false~~",
          "23~Inner3~#00FF00~false~false~false~~",
          "24~Inner4~#BC8E00~false~false~false~~",
          "25~Inner5~#70DBFA~false~false~false~~",
          "26~Inner6~#00CC66~false~false~false~~",
          "27~Inner7~#9966FF~false~false~false~~",
          "28~Inner8~#800080~false~false~false~~",
          "29~Inner9~#008080~false~false~false~~",
          "30~Inner10~#15935F~false~false~false~~",
          "31~Inner11~#000080~false~false~false~~",
          "32~Inner12~#00B400~false~false~false~~",
          "33~Inner13~#2E4756~false~false~false~~",
          "34~Inner14~#99842F~false~false~false~~",
          "35~Inner15~#FFFFAA~false~false~false~~",
          "36~Inner16~#99842F~false~false~false~~",
          "37~Inner17~#2E4756~false~false~false~~",
          "38~Inner18~#3535FF~false~false~false~~",
          "39~Inner19~#8000BC~false~false~false~~",
          "40~Inner20~#43AE5F~false~false~false~~",
          "41~Inner21~#C3ECCE~false~false~false~~",
          "42~Inner22~#728978~false~false~false~~",
          "43~Inner23~#39503F~false~false~false~~",
          "44~Inner24~#0C715D~false~false~false~~",
          "45~Inner25~#5A8A80~false~false~false~~",
          "46~Inner26~#2B937E~false~false~false~~",
          "47~Inner27~#23999D~false~false~false~~",
          "48~Inner28~#45B4E3~false~false~false~~",
          "49~Inner29~#215DA1~false~false~false~~",
          "50~Inner30~#4564D7~false~false~false~~",
          "51~Inner31~#6969E9~false~false~false~~",
          "52~Inner32~#9069E9~false~false~false~~",
          "99~ComponentShapeLayer~#00CCCC~true~false~true~0.4",
          "100~LeadShapeLayer~#CC9999~true~false~true~",
          "101~ComponentPolarityLayer~#66FFCC~true~false~true~",
          "Hole~Hole~#222222~false~false~true~",
          "DRCError~DRCError~#FAD609~false~false~true~"
        ],
        "objects": [
          "All~true~false",
          "Component~true~true",
          "Prefix~true~true",
          "Name~true~false",
          "Track~true~true",
          "Pad~true~true",
          "Via~true~true",
          "Hole~true~true",
          "Copper_Area~true~true",
          "Circle~true~true",
          "Arc~true~true",
          "Solid_Region~true~true",
          "Text~true~true",
          "Image~true~true",
          "Rect~true~true",
          "Dimension~true~true",
          "Protractor~true~true"
        ],
        "BBox": {
          "x": 391.2,
          "y": 296,
          "width": 16.6,
          "height": 8.1
        },
        "netColors": []
      }
    }
  }
}