{
  "success": true,
  "code": 0,
  "result": {
    "uuid": "eb859b95857eb549dcd060c0a776a8f7",
    "title": "CL10B224KA8NNNC",
    "description": "220nF (224) ±10% 25V",
    "docType": 2,
    "type": 3,
    "thumb": "//image.easyeda.com/components/eb859b95857eb549dcd060c0a776a8f7.png",
    "szlcsc": {
      "id": 21832,
      "number": "C21120",
      "step": 50,
      "min": 50,
      "price": 0.041348,
      "stock": 148350,
      "url": "http://www.szlcsc.com/product/details_21832.html",
      "image": "https://assets.lcsc.com/images/szlcsc/96x96/Multilayer-Ceramic-Capacitors-MLCC-SMD-SMT_SAMSUNG_CL10B224KA8NNNC_220nF-224-10-25V_C21120_front_10.jpg"
    },
    "lcsc": {
      "id": 21832,
      "number": "C21120",
      "step": 50,
      "min": 50,
      "price": 0.0064,
      "stock": 159400,
      "url": "https://lcsc.com/product-detail/Multilayer-Ceramic-Capacitors-MLCC-SMD-SMT_SAMSUNG_CL10B224KA8NNNC_220nF-224-10-25V_C21120.html"
    },
    "owner": {
      "uuid": "0819f05c4eef4c71ace90d822a990e87",
      "username": "LCSC",
      "nickname": "LCSC",
      "avatar": "//image.lceda.cn/avatars/2018/6/kFlrasi7W06gTdBLAqW3fkrqbDhbowynuSzkjqso.png"
    },
    "tags": [
      "Multilayer Ceramic Capacitors MLCC - SMD/SMT"
    ],
    "updateTime": 1712685308,
    "updated_at": "2026-01-31 13:00:54",
    "dataStr": {
      "head": {
        "docType": "2",
        "editorVersion": "5.8.20",
        "c_para": {
          "pre": "C?",
          "name": "CL10B224KA8NNNC",
          "package": "C0603",
          "nameAlias": "Value",
          "Supplier": "LCSC",
          "Manufacturer Part": "CL10B224KA8NNNC",
          "Manufacturer": "SAMSUNG(三星)",
          "Value": "220nF",
          "Supplier Part": "C21120",
          "JLCPCB Part Class": "Basic Part"
        },
        "puuid": "f8151fdc728a41ebbc304e11d39e5437",
        "uuid": "eb859b95857eb549dcd060c0a776a8f7",
        "utime": 1542801878,
        "x": 15,
        "y": 0,
        "importFlag": 0,
        "c_spiceCmd": null,
        "hasIdFlag": true
      },
      "canvas": "CA~1000~1000~#FFFFFF~yes~#CCCCCC~5~1000~1000~line~5~pixel~5~15~0",
      "shape": [
        "PL~13 -8 13 8~#880000~1~0~none~rep2~0",
        "PL~17 -8 17 8~#880000~1~0~none~rep3~0",
        "P~show~1~1~0~0~180~rep4~0^^0~0^^M 0 -0 h10~#000000^^0~15~3~0~1~start~~~#000000^^0~5~-1~0~1~end~~~#000000^^0~7~0^^0~M 10 3 L 13 0 L 10 -3",
        "P~show~1~2~30~0~0~rep5~0^^30~0^^M 30 -0 h-10~#000000^^0~15~3~0~2~end~~~#000000^^0~25~-1~0~2~start~~~#000000^^0~23~0^^0~M 20 -3 L 17 0 L 20 3",
        "PL~10 0 13 0~#880000~1~0~none~rep6~0",
        "PL~17 0 20 0~#880000~1~0~none~rep7~0"
      ],
      "BBox": {
        "x": -4,
        "y": -8,
        "width": 38,
        "height": 16
      },
      "colors": []
    },
    "verify": true,
    "SMT": true,
    "datastrid": "669df2ec91af4d2a874b32d0fd49013a",
    "jlcOnSale": 1,
    "writable": false,
    "isFavorite": false,
    "packageDetail": {
      "uuid": "f8151fdc728a41ebbc304e11d39e5437",
      "title": "C0603",
      "docType": 4,
      "updateTime": 1734501471,
      "owner": {
        "uuid": "0819f05c4eef4c71ace90d822a990e87",
        "username": "lcsc",
        "nickname": "LCSC",
        "avatar": "//image.lceda.cn/avatars/2018/6/kFlrasi7W06gTdBLAqW3fkrqbDhbowynuSzkjqso.png"
      },
      "datastrid": "1449526df05643fb96b2ab466dc2cd52",
      "writable": false,
      "dataStr": {
        "head": {
          "docType": "4",
          "editorVersion": "6.5.47",
          "c_para": {
            "package": "C0603",
            "pre": "C?",
            "Contributor": "lcsc",
            "link": "https://item.szlcsc.com/362304.html",
            "3DModel": "C0603_L1.6-W0.8-H0.8"
          },
          "hasIdFlag": true,
          "x": 4000,
          "y": 3000,
          "utime": 1734501466,
          "uuid": "f8151fdc728a41ebbc304e11d39e5437",
          "importFlag": 0,
          "transformList": "",
          "newgId": true
        },
        "canvas": "CA~1000~1000~#000000~yes~#FFFFFF~10~1000~1000~line~0.03937~mm~1~45~visible~0.5~4000~3000~0~none",
        "shape": [
          "SOLIDREGION~100~~M 3996.8504 3001.5748 L 3996.8504 2998.4252 L 3998.0315 2998.4252 L 3998.0315 3001.5748 Z ~solid~gge1000~~~~0",
          "SOLIDREGION~100~~M 4003.1496 3001.5748 L 4003.1496 2998.4252 L 4001.9685 2998.4252 L 4001.9685 3001.5748 Z ~solid~gge1001~~~~0",
          "SOLIDREGION~99~~M 3996.8504 3001.5748 L 3996.8504 2998.4252 L 4003.1496 2998.4252 L 4003.1496 3001.5748 Z ~solid~gge999~~~~0",
          "TRACK~1~3~~3998.8969 3002.7936 3995.7474 3002.7936~gge1131~0",
          "TRACK~1~3~~4001.1034 3002.7954 4004.2529 3002.7954~gge1106~0",
          "TRACK~1~3~~3998.8969 2997.2043 3995.7474 2997.2043~gge1143~0",
          "TRACK~1~3~~4001.1034 2997.2062 4004.2529 2997.2062~gge1107~0",
          "TRACK~1~3~~3994.5279 3001.5738 3994.5279 2998.424~gge1137~0",
          "TRACK~1~3~~4005.4725 2998.4261 4005.4725 3001.5758~gge1108~0",
          "ARC~1~3~~M 4004.2527 2997.2062 A 1.2198 1.2198 0 0 1 4005.4725 2998.4261~~gge1101~0",
          "ARC~1~3~~M 4005.4725 3001.5756 A 1.2198 1.2198 0 0 1 4004.2527 3002.7954~~gge1102~0",
          "ARC~1~3~~M 3995.7476 3002.7936 A 1.2198 1.2198 0 0 1 3994.5279 3001.5738~~gge1134~0",
          "ARC~1~3~~M 3994.5279 2998.4243 A 1.2198 1.2198 0 0 1 3995.7476 2997.2043~~gge1140~0",
          "PAD~RECT~4002.756~3000~3.1496~3.5433~1~~2~0~4001.1811 2998.2283 4004.3307 2998.2283 4004.3307 3001.7717 4001.1811 3001.7717~0~gge1002~0~~Y~0~0.0000~0.2000~4002.7555,3000",
          "PAD~RECT~3997.244~3000~3.1496~3.5433~1~~1~0~3995.6693 2998.2283 3998.8189 2998.2283 3998.8189 3001.7717 3995.6693 3001.7717~0~gge1004~0~~Y~0~0.0000~0.2000~3997.2445,3000",
          "CIRCLE~3996.85~3001.575~0.118~0.2362~101~gge1112~0~~",
          "SVGNODE~{\"gId\":\"g1_outline\",\"nodeName\":\"g\",\"nodeType\":1,\"layerid\":\"19\",\"attrs\":{\"c_width\":\"6.2992\",\"c_height\":\"3.1496\",\"c_rotation\":\"0,0,0\",\"z\":\"0\",\"c_origin\":\"3998.0435,3000.5\",\"uuid\":\"ac9b32e974bc448eab36b1293f859dcb\",\"c_etype\":\"outline3D\",\"id\":\"g1_outline\",\"title\":\"C0603_L1.6-W0.8-H0.8\",\"layerid\":\"19\",\"transform\":\"scale(1) translate(0, 0)\"},\"childNodes\":[{\"gId\":\"g1_outline_line0\",\"nodeName\":\"polyline\",\"nodeType\":1,\"attrs\":{\"fill\":\"none\",\"id\":\"g1_outline_line0\",\"c_shapetype\":\"line\",\"points\":\"3996.8504 2998.4646 3996.8504 2998.504 3996.8504 3001.4961 3996.8504 3001.5355 3996.8897 3001.5355 3996.8897 3001.5748 3996.9291 3001.5748 3997.8346 3001.5748 3997.9134 3001.5748 3997.9921 3001.5748 3998.0315 3001.5748 3998.0315 3001.5355 4001.9685 3001.5355 4001.9685 3001.5748 4002.0078 3001.5748 4002.0866 3001.5748 4002.1653 3001.5748 4003.0708 3001.5748 4003.1102 3001.5748 4003.1102 3001.5355 4003.1496 3001.5355 4003.1496 3001.4961 4003.1496 2998.504 4003.1496 2998.4646 4003.1102 2998.4646 4003.1102 2998.4252 4003.0708 2998.4252 4002.1653 2998.4252 4002.126 2998.4252 4002.0866 2998.4252 4002.0472 2998.4252 4002.0078 2998.4252 4001.9685 2998.4252 4001.9685 2998.4646 3998.0315 2998.4646 3998.0315 2998.4252 3997.9921 2998.4252 3997.9527 2998.4252 3997.9134 2998.4252 3997.874 2998.4252 3997.8346 2998.4252 3996.9291 2998.4252 3996.8897 2998.4252 3996.8897 2998.4646 3996.8504 2998.4646 3996.8504 2998.4646\"}}]}"
        ],
        "layers": [
          "1~TopLayer~#FF0000~true~false~true~",
          "2~BottomLayer~#0000FF~true~false~true~",
          "3~TopSilkLayer~#FFCC00~true~false~true~",
          "4~BottomSilkLayer~#66CC33~true~false~true~",
          "5~TopPasteMaskLayer~#808080~true~false~true~",
          "6~BottomPasteMaskLayer~#800000~true~false~true~",
          "7~TopSolderMaskLayer~#800080~true~false~true~0.3",
          "8~BottomSolderMaskLayer~#AA00FF~true~false~true~0.3",
          "9~Ratlines~#6464FF~true~false~true~",
          "10~BoardOutLine~#FF00FF~true~false~true~",
          "11~Multi-Layer~#FFFFFF~true~false~true~0.5",
          "12~Document~#FFFFFF~true~false~true~",
          "13~TopAssembly~#33CC99~true~false~true~",
          "14~BottomAssembly~#5555FF~true~false~true~",
          "15~Mechanical~#F022F0~true~false~true~",
          "19~3DModel~#66CCFF~true~false~true~",
          "21~Inner1~#999966~false~false~false~~",
          "22~Inner2~#008000~false~false~false~~",
          "23~Inner3~#00FF00~false~false~false~~",
          "24~Inner4~#BC8E00~false~false~false~~",
          "25~Inner5~#70DBFA~false~false~false~~",
          "26~Inner6~#00CC66~false~false~false~~",
          "27~Inner7~#9966FF~false~false~false~~",
          "28~Inner8~#800080~false~false~false~~",
          "29~Inner9~#008080~false~false~false~~",
          "30~Inner10~#15935F~false~false~false~~",
          "31~Inner11~#000080~false~false~false~~",
          "32~Inner12~#00B400~false~false~false~~",
          "33~Inner13~#2E4756~false~false~false~~",
          "34~Inner14~#99842F~false~false~false~~",
          "35~Inner15~#FFFFAA~false~false~false~~",
          "36~Inner16~#99842F~false~false~false~~",
          "37~Inner17~#2E4756~false~false~false~~",
          "38~Inner18~#3535FF~false~false~false~~",
          "39~Inner19~#8000BC~false~false~false~~",
          "40~Inner20~#43AE5F~false~false~false~~",
          "41~Inner21~#C3ECCE~false~false~false~~",
          "42~Inner22~#728978~false~false~false~~",
          "43~Inner23~#39503F~false~false~false~~",
          "44~Inner24~#0C715D~false~false~false~~",
          "45~Inner25~#5A8A80~false~false~false~~",
          "46~Inner26~#2B937E~false~false~false~~",
          "47~Inner27~#23999D~false~false~false~~",
          "48~Inner28~#45B4E3~false~false~false~~",
          "49~Inner29~#215DA1~false~false~false~~",
          "50~Inner30~#4564D7~false~false~false~~",
          "51~Inner31~#6969E9~false~false~false~~",
          "52~Inner32~#9069E9~false~false~false~~",
          "99~ComponentShapeLayer~#00CCCC~true~false~true~0.4",
          "100~LeadShapeLayer~#CC9999~true~false~true~",
          "101~ComponentPolarityLayer~#66FFCC~true~true~true~",
          "Hole~Hole~#222222~false~false~true~",
          "DRCError~DRCError~#FAD609~false~false~true~"
        ],
        "objects": [
          "All~true~false",
          "Component~true~true",
          "Prefix~true~true",
          "Name~true~false",
          "Track~true~true",
          "Pad~true~true",
          "Via~true~true",
          "Hole~true~true",
          "Copper_Area~true~true",
          "Circle~true~true",
          "Arc~true~true",
          "Solid_Region~true~true",
          "Text~true~true",
          "Image~true~true",
          "Rect~true~true",
          "Dimension~true~true",
          "Protractor~true~true"
        ],
        "BBox": {
          "x": 3994.5,
          "y": 2997.2,
          "width": 10.9,
          "height": 5.6
        },
        "netColors": []
      }
    }
  }
}